model,split,accuracy,macro_precision,macro_recall,macro_f1,weighted_precision,weighted_recall,weighted_f1
tfidf_logistic_regression,validation,0.7214285714285714,0.6635552626478749,0.564544355843215,0.5799944654040078,0.7291771785023456,0.7214285714285714,0.7001319089641687
tfidf_logistic_regression,test,0.68,0.5791838856790702,0.449834151592122,0.4699065931469998,0.6877954191435344,0.68,0.6519463691692949
tfidf_linear_svc,validation,0.7892857142857143,0.7576201387607283,0.7125503195630045,0.7238397991369182,0.7889935523634422,0.7892857142857143,0.7814472611130251
tfidf_linear_svc,test,0.7371428571428571,0.7216544290432073,0.6002963287275576,0.6351539040388492,0.7373502392271514,0.7371428571428571,0.7226074479229214
majority_baseline,test,0.1857142857142857,,,0.0240963855421686,,,0.0581755593803786
transformer_legal_bert,test,0.7242857142857143,0.606556672768951,0.512869488172478,0.5123744768466113,0.700373861493997,0.7242857142857143,0.6941927725960834
lda_lr,validation,0.5685714285714286,0.36468384481316196,0.3710529262730624,0.3487451171464662,0.5300239067227991,0.5685714285714286,0.5332015165133179
lda_lr,test,0.5464285714285714,0.351104290951877,0.32899574856616565,0.3214143130755628,0.5102547260405781,0.5464285714285714,0.5140666159955308
doc2vec_lr,validation,0.5292857142857142,0.4675370926063858,0.4320397807832752,0.4064305571035662,0.5282164289294509,0.5292857142857142,0.5083439132638734
doc2vec_lr,test,0.47285714285714286,0.34905186229435786,0.35463938623191604,0.32242549716627944,0.47279205763268894,0.47285714285714286,0.4548667317998113
