class,model,precision,recall,f1,support
Criminal Procedure,doc2vec_lr,0.6980676328502415,0.7768817204301075,0.7353689567430025,372
Civil Rights,doc2vec_lr,0.3,0.4864864864864865,0.3711340206185567,222
First Amendment,doc2vec_lr,0.391304347826087,0.4090909090909091,0.4,88
Due Process,doc2vec_lr,0.5,0.058823529411764705,0.10526315789473684,51
Privacy,doc2vec_lr,0.0,0.0,0.0,28
Attorneys,doc2vec_lr,0.0,0.0,0.0,17
Unions,doc2vec_lr,0.42105263157894735,0.6666666666666666,0.5161290322580645,24
Economic Activity,doc2vec_lr,0.5294117647058824,0.38076923076923075,0.4429530201342282,260
Judicial Power,doc2vec_lr,0.39215686274509803,0.3,0.33994334277620397,200
Federalism,doc2vec_lr,0.3333333333333333,0.1927710843373494,0.24427480916030533,83
Interstate Relations,doc2vec_lr,0.5,0.6,0.5454545454545454,15
Federal Taxation,doc2vec_lr,0.35443037974683544,0.7567567567567568,0.4827586206896552,37
Miscellaneous,doc2vec_lr,0.0,0.0,0.0,3
Criminal Procedure,lda_lr,0.7424242424242424,0.7903225806451613,0.765625,372
Civil Rights,lda_lr,0.4608294930875576,0.45045045045045046,0.45558086560364464,222
First Amendment,lda_lr,0.5636363636363636,0.7045454545454546,0.6262626262626263,88
Due Process,lda_lr,0.3125,0.09803921568627451,0.14925373134328357,51
Privacy,lda_lr,0.0,0.0,0.0,28
Attorneys,lda_lr,0.0,0.0,0.0,17
Unions,lda_lr,0.75,0.5,0.6,24
Economic Activity,lda_lr,0.4985835694050991,0.676923076923077,0.5742251223491027,260
Judicial Power,lda_lr,0.3780487804878049,0.465,0.4170403587443946,200
Federalism,lda_lr,0.3333333333333333,0.024096385542168676,0.0449438202247191,83
Interstate Relations,lda_lr,0.0,0.0,0.0,15
Federal Taxation,lda_lr,0.525,0.5675675675675675,0.5454545454545454,37
Miscellaneous,lda_lr,0.0,0.0,0.0,3
Criminal Procedure,tfidf_linear_svc,0.780045351473923,0.9247311827956989,0.8462484624846248,372
Civil Rights,tfidf_linear_svc,0.7309417040358744,0.7342342342342343,0.7325842696629213,222
First Amendment,tfidf_linear_svc,0.8369565217391305,0.875,0.8555555555555555,88
Due Process,tfidf_linear_svc,0.7586206896551724,0.43137254901960786,0.55,51
Privacy,tfidf_linear_svc,0.7857142857142857,0.39285714285714285,0.5238095238095238,28
Attorneys,tfidf_linear_svc,0.9090909090909091,0.5882352941176471,0.7142857142857143,17
Unions,tfidf_linear_svc,0.75,0.75,0.75,24
Economic Activity,tfidf_linear_svc,0.6836734693877551,0.7730769230769231,0.7256317689530686,260
Judicial Power,tfidf_linear_svc,0.6464646464646465,0.64,0.6432160804020101,200
Federalism,tfidf_linear_svc,0.75,0.21686746987951808,0.3364485981308411,83
Interstate Relations,tfidf_linear_svc,1.0,0.6666666666666666,0.8,15
Federal Taxation,tfidf_linear_svc,0.75,0.8108108108108109,0.7792207792207793,37
Miscellaneous,tfidf_linear_svc,0.0,0.0,0.0,3
Criminal Procedure,tfidf_logistic_regression,0.8038740920096852,0.8924731182795699,0.845859872611465,372
Civil Rights,tfidf_logistic_regression,0.7272727272727273,0.7207207207207207,0.7239819004524887,222
First Amendment,tfidf_logistic_regression,0.8191489361702128,0.875,0.8461538461538461,88
Due Process,tfidf_logistic_regression,0.7058823529411765,0.47058823529411764,0.5647058823529412,51
Privacy,tfidf_logistic_regression,0.8,0.2857142857142857,0.42105263157894735,28
Attorneys,tfidf_logistic_regression,0.9090909090909091,0.5882352941176471,0.7142857142857143,17
Unions,tfidf_logistic_regression,0.9,0.75,0.8181818181818182,24
Economic Activity,tfidf_logistic_regression,0.654320987654321,0.8153846153846154,0.726027397260274,260
Judicial Power,tfidf_logistic_regression,0.6307692307692307,0.615,0.6227848101265823,200
Federalism,tfidf_logistic_regression,0.6896551724137931,0.24096385542168675,0.35714285714285715,83
Interstate Relations,tfidf_logistic_regression,1.0,0.5333333333333333,0.6956521739130435,15
Federal Taxation,tfidf_logistic_regression,0.7857142857142857,0.8918918918918919,0.8354430379746836,37
Miscellaneous,tfidf_logistic_regression,0.0,0.0,0.0,3
Criminal Procedure,tfidf_lr_saga_underconverged,0.8381201044386423,0.8629032258064516,0.8503311258278146,372
Civil Rights,tfidf_lr_saga_underconverged,0.7687861271676301,0.5990990990990991,0.6734177215189874,222
First Amendment,tfidf_lr_saga_underconverged,0.8157894736842105,0.7045454545454546,0.7560975609756098,88
Due Process,tfidf_lr_saga_underconverged,0.8636363636363636,0.37254901960784315,0.5205479452054794,51
Privacy,tfidf_lr_saga_underconverged,0.0,0.0,0.0,28
Attorneys,tfidf_lr_saga_underconverged,0.0,0.0,0.0,17
Unions,tfidf_lr_saga_underconverged,0.8333333333333334,0.625,0.7142857142857143,24
Economic Activity,tfidf_lr_saga_underconverged,0.5417661097852029,0.8730769230769231,0.6686303387334315,260
Judicial Power,tfidf_lr_saga_underconverged,0.5189393939393939,0.685,0.5905172413793104,200
Federalism,tfidf_lr_saga_underconverged,0.6666666666666666,0.04819277108433735,0.0898876404494382,83
Interstate Relations,tfidf_lr_saga_underconverged,0.8,0.26666666666666666,0.4,15
Federal Taxation,tfidf_lr_saga_underconverged,0.8823529411764706,0.8108108108108109,0.8450704225352113,37
Miscellaneous,tfidf_lr_saga_underconverged,0.0,0.0,0.0,3
Criminal Procedure,transformer_legal_bert,0.8055555555555556,0.9354838709677419,0.8656716417910447,372
Civil Rights,transformer_legal_bert,0.7629310344827587,0.7972972972972973,0.7797356828193832,222
First Amendment,transformer_legal_bert,0.7068965517241379,0.9318181818181818,0.803921568627451,88
Due Process,transformer_legal_bert,0.5526315789473685,0.4117647058823529,0.47191011235955055,51
Privacy,transformer_legal_bert,0.8333333333333334,0.35714285714285715,0.5,28
Attorneys,transformer_legal_bert,0.0,0.0,0.0,17
Unions,transformer_legal_bert,0.6785714285714286,0.7916666666666666,0.7307692307692307,24
Economic Activity,transformer_legal_bert,0.6580645161290323,0.7846153846153846,0.7157894736842105,260
Judicial Power,transformer_legal_bert,0.64,0.56,0.5973333333333334,200
Federalism,transformer_legal_bert,0.46153846153846156,0.07228915662650602,0.125,83
Interstate Relations,transformer_legal_bert,1.0,0.13333333333333333,0.23529411764705882,15
Federal Taxation,transformer_legal_bert,0.7857142857142857,0.8918918918918919,0.8354430379746836,37
Miscellaneous,transformer_legal_bert,0.0,0.0,0.0,3
Criminal Procedure,majority_baseline,0.0,0.0,0.0,372
Civil Rights,majority_baseline,0.0,0.0,0.0,222
First Amendment,majority_baseline,0.0,0.0,0.0,88
Due Process,majority_baseline,0.0,0.0,0.0,51
Privacy,majority_baseline,0.0,0.0,0.0,28
Attorneys,majority_baseline,0.0,0.0,0.0,17
Unions,majority_baseline,0.0,0.0,0.0,24
Economic Activity,majority_baseline,0.18571428571428572,1.0,0.3132530120481928,260
Judicial Power,majority_baseline,0.0,0.0,0.0,200
Federalism,majority_baseline,0.0,0.0,0.0,83
Interstate Relations,majority_baseline,0.0,0.0,0.0,15
Federal Taxation,majority_baseline,0.0,0.0,0.0,37
Miscellaneous,majority_baseline,0.0,0.0,0.0,3
